Province,Occurrence
Surigao Del Sur,13575
Davao Occidental,7061
Davao Oriental,6969
Surigao Del Norte,6874
Batangas,5222
Occidental Mindoro,4748
Cagayan,2777
Abra,2563
Cotabato,2249
Ilocos Norte,2165
Eastern Samar,2106
Zambales,2097
Davao Del Sur,1651
Masbate,1613
Ilocos Sur,1528
Negros Occidental,1479
Leyte,1407
Sarangani,1374
Quezon,1365
Southern Leyte,1310
Agusan Del Sur,1295
Sultan Kudarat,1258
Negros Oriental,1162
Davao De Oro,1080
Pangasinan,1026
Aurora,1011
Bohol,993
Isabela,943
Northern Samar,931
Bukidnon,904
Batanes,891
Zamboanga Del Norte,865
Agusan Del Norte,606
Dinagat,603
Camarines Sur,550
La Union,550
Catanduanes,549
Oriental Mindoro,537
Antique,455
Zamboanga Del Sur,432
Camarines Norte,424
South Cotabato,411
Sorsogon,363
Cebu,354
Nueva Vizcaya,346
Bataan,330
Lanao Del Sur,316
Apayao,298
Maguindanao,297
Benguet,292
Biliran,274
Davao Del Norte,263
Iloilo,261
Albay,203
Samar,203
Tarlac,186
Nueva Ecija,172
North Cotabato,171
Romblon,168
Ifugao,151
Marinduque,149
Mountain Province,141
Guimaras,139
Palawan,139
Kalinga,116
Pampanga,113
Maguindanao Del Norte,112
Misamis Oriental,107
Zamboanga Sibugay,100
Laguna,95
Compostela Valley,86
Quirino,69
Lanao Del Norte,59
Siquijor,56
Cavite,55
Rizal,52
Bulacan,47
Western Samar,42
Sulu,37
Misamis Occidental,36
Maguindanao Del Sur,29
Basilan,27
Camiguin,26
Aklan,25
Tawi-Tawi,18
Capiz,17
Masbate Ticao Island,3
Mindoro,2
Occ.Mindoro,1
Nueva Viscaya,1
National Capital Region,1
S.Leyte,1
San Isidro,1
Surigao Sel Sur,1
Surigao De Norte,1
Occidental,1
Suquijor,1
Surigao De Sur,1
Batanagas,1
Nuevq Ecija,1
San Mariano,1
General Luna,1
Zambonga Del Sur,1
Oriental,1
