Province,Town,Occurrences
Abra,Tayum,442
Agusan Del Norte,Santiago,160
Agusan Del Sur,La Paz,166
Aklan,Malay,7
Albay,Rapu-Rapu,109
Antique,Anini-Y,218
Apayao,Kabugao,118
Aurora,Casiguran,252
Basilan,Hadji Mohammad Ajul,14
Bataan,Mariveles,199
Batanagas,Calatagan,1
Batanes,Sabtang,402
Batangas,Calatagan,2965
Benguet,Bokod,84
Biliran,Kawayan,90
Bohol,Anda,169
Bukidnon,Kadingilan,435
Bulacan,Doña Remedios Trinidad,36
Cagayan,Dalupiri Island,834
Camarines Norte,Tinaga Island,285
Camarines Sur,Ragay,130
Camiguin,Catarman,14
Capiz,Tapaz,4
Catanduanes,Pandan,177
Cavite,Tagaytay City,33
Cebu,Medellin,46
Compostela Valley,Pantukan,21
Cotabato,Tulunan,1413
Davao De Oro,New Bataan,538
Davao Del Norte,Island Garden City Of Samal,74
Davao Del Sur,Kiblawan,600
Davao Occidental,Jose Abad Santos,2628
Davao Oriental,Governor Generoso,3074
Dinagat,Loreto,263
Eastern Samar,Hernani,288
General Luna,General Luna,1
Guimaras,Nueva Valencia,103
Ifugao,Aguinaldo,56
Ilocos Norte,Nueva Era,397
Ilocos Sur,Santa Catalina,245
Iloilo,San Joaquin,80
Isabela,Maconacon,295
Kalinga,City Of Tabuk,36
La Union,Luna,198
Laguna,Los Baños,31
Lanao Del Norte,Kapatagan,11
Lanao Del Sur,Wao,151
Leyte,Capoocan,284
Maguindanao,Datu Blah T. Sinsuat,64
Maguindanao Del Norte,Datu Blah T. Sinsuat,66
Maguindanao Del Sur,South Upi,8
Marinduque,Boac,70
Masbate,Cataingan,423
Masbate Ticao Island,San Jacinto,3
Mindoro,Paluan Occidental,1
Misamis Occidental,Don Victoriano Chiongbian,12
Misamis Oriental,Gitagum,21
Mountain Province,Paracelis,46
National Capital Region,City Of Pasig,1
Negros Occidental,City Of Sipalay,470
Negros Oriental,Basay,324
North Cotabato,Makilala,82
Northern Samar,Mapanas,169
Nueva Ecija,Gabaldon,25
Nueva Viscaya,Kayapa,1
Nueva Vizcaya,Ambaguio,180
Nuevq Ecija,Pantabangan,1
Occ.Mindoro,Mamburao,1
Occidental,Paluan,1
Occidental Mindoro,Lubang,1486
Oriental,Taragonna Davao,1
Oriental Mindoro,Bansud,95
Palawan,Coron,50
Pampanga,Porac,50
Pangasinan,Bolinao,324
Quezon,Jomalig,394
Quirino,Nagtipunan,40
Rizal,Talim Island,15
Romblon,Odiongan,33
S.Leyte,Maasin,1
Samar,Hinabangan,40
San Isidro,Burgos,1
San Mariano,Maragusan,1
Sarangani,Kiamba,355
Siquijor,Lazi,32
Sorsogon,Prieto Diaz,248
South Cotabato,T'Boli,82
Southern Leyte,Hinunangan,232
Sultan Kudarat,Columbio,398
Sulu,Banguingui,14
Suquijor,Larena,1
Surigao De Norte,Burgos,1
Surigao De Sur,Lingig,1
Surigao Del Norte,General Luna,2555
Surigao Del Sur,Hinatuan,4125
Surigao Sel Sur,Lingig,1
Tarlac,San Jose,59
Tawi-Tawi,South Ubian,14
Western Samar,Hinabangan,23
Zambales,San Antonio,370
Zamboanga Del Norte,Siocon,172
Zamboanga Del Sur,Tabina,193
Zamboanga Sibugay,Kabasalan,26
Zambonga Del Sur,Midsalip,1
