Province,Forecast_Probability,Town,Forecast_Probability_Town
Abra,0.17099999999999999,Lagayan,0.148
Abra,0.17099999999999999,Tayum,0.194
Agusan Del Norte,0.54,Las Nieves,0.54
Batanes,0.26449999999999996,Basco,0.175
Batanes,0.26449999999999996,Itbayat,0.354
Batangas,0.1835,Calatagan,0.321
Batangas,0.1835,Nasugbu,0.046
Bohol,0.11,Lila,0.11
Bukidnon,0.225,Kadingilan,0.225
Cagayan,0.34600000000000003,Calayan,0.225
Cagayan,0.34600000000000003,Dalupiri Island,0.467
Catanduanes,0.2343333333333333,Bagamanoc,0.269
Catanduanes,0.2343333333333333,Gigmoto,0.349
Catanduanes,0.2343333333333333,Pandan,0.085
Cotabato,0.064,Tulunan,0.064
Davao De Oro,0.4405,Compostela,0.443
Davao De Oro,0.4405,New Bataan,0.438
Davao Del Sur,0.1165,Magsaysay,0.203
Davao Del Sur,0.1165,Matanao,0.03
Davao Occidental,0.3412,Balut Island,0.586
Davao Occidental,0.3412,Don Marcelino,0.096
Davao Occidental,0.3412,Jose Abad Santos,0.38
Davao Occidental,0.3412,Sarangani,0.26
Davao Occidental,0.3412,Sarangani Island,0.384
Davao Oriental,0.38000000000000006,Governor Generoso,0.49
Davao Oriental,0.38000000000000006,Manay,0.325
Davao Oriental,0.38000000000000006,Tarragona,0.325
Dinagat,0.092,Libjo,0.092
Eastern Samar,0.28099999999999997,Hernani,0.206
Eastern Samar,0.28099999999999997,Homonhon Island,0.521
Eastern Samar,0.28099999999999997,San Julian,0.116
Isabela,0.358,Maconacon,0.358
Lanao Del Sur,0.042,Pualas,0.042
Leyte,0.415,Abuyog,0.415
Maguindanao,0.13966666666666666,Cotabato City,0.112
Maguindanao,0.13966666666666666,Datu Blah T. Sinsuat,0.22
Maguindanao,0.13966666666666666,South Upi,0.087
Masbate,0.2745,Batuan,0.443
Masbate,0.2745,Cataingan,0.106
North Cotabato,0.119,Makilala,0.119
Northern Samar,0.236,Mapanas,0.106
Northern Samar,0.236,Pambujan,0.366
Occidental Mindoro,0.14079999999999998,Abra De Ilog,0.209
Occidental Mindoro,0.14079999999999998,Looc,0.156
Occidental Mindoro,0.14079999999999998,Lubang,0.126
Occidental Mindoro,0.14079999999999998,Paluan,0.083
Occidental Mindoro,0.14079999999999998,Rizal,0.13
Pangasinan,0.198,Aguilar,0.198
Quezon,0.067,Jomalig,0.067
Sarangani,0.14966666666666667,Alabel,0.168
Sarangani,0.14966666666666667,Glan,0.23
Sarangani,0.14966666666666667,Malapatan,0.051
Sultan Kudarat,0.311,Palimbang,0.311
Surigao Del Norte,0.16899999999999998,Burgos,0.145
Surigao Del Norte,0.16899999999999998,General Luna,0.193
Surigao Del Sur,0.26099999999999995,Bayabas,0.341
Surigao Del Sur,0.26099999999999995,Cagwait,0.141
Surigao Del Sur,0.26099999999999995,Carrascal,0.122
Surigao Del Sur,0.26099999999999995,Hinatuan,0.57
Surigao Del Sur,0.26099999999999995,Lingig,0.313
Surigao Del Sur,0.26099999999999995,San Agustin,0.079
Zambales,0.129,Castillejos,0.129
Zamboanga Del Norte,0.225,Baliguan,0.225
